[
  {
    "ts": "2024-02-17T19:23:26Z",
    "platform": "android",
    "ms_played": 753,
    "conn_country": "PK",
    "ip_addr": "154.192.30.94",
    "master_metadata_track_name": "Balam Pichkari",
    "master_metadata_album_artist_name": "Pritam",
    "master_metadata_album_album_name": "Yeh Jawaani Hai Deewani",
    "spotify_track_uri": "spotify:track:18e3XXYCv4Tx8uUl1mP3CN",
    "episode_name": null,
    "episode_show_name": null,
    "spotify_episode_uri": null,
    "audiobook_title": null,
    "audiobook_uri": null,
    "audiobook_chapter_uri": null,
    "audiobook_chapter_title": null,
    "reason_start": "unknown",
    "reason_end": "endplay",
    "shuffle": false,
    "skipped": true,
    "offline": null,
    "offline_timestamp": null,
    "incognito_mode": false
  },
  {
    "ts": "2024-04-11T10:39:19Z",
    "platform": "android",
    "ms_played": 0,
    "conn_country": "FR",
    "ip_addr": "163.172.172.86",
    "master_metadata_track_name": "Apna Bana Le",
    "master_metadata_album_artist_name": "Sachin-Jigar",
    "master_metadata_album_album_name": "The Arijit Singh Collection",
    "spotify_track_uri": "spotify:track:1UTzknFnMdtH3morV6o1hA",
    "episode_name": null,
    "episode_show_name": null,
    "spotify_episode_uri": null,
    "audiobook_title": null,
    "audiobook_uri": null,
    "audiobook_chapter_uri": null,
    "audiobook_chapter_title": null,
    "reason_start": "unknown",
    "reason_end": "endplay",
    "shuffle": false,
    "skipped": true,
    "offline": null,
    "offline_timestamp": null,
    "incognito_mode": false
  },
  {
    "ts": "2024-04-11T10:39:21Z",
    "platform": "android",
    "ms_played": 0,
    "conn_country": "FR",
    "ip_addr": "163.172.172.86",
    "master_metadata_track_name": "O Re Saavan",
    "master_metadata_album_artist_name": "Mitraz",
    "master_metadata_album_album_name": "O Re Saavan",
    "spotify_track_uri": "spotify:track:5EXcMk9ZlC5UlDU4jSZsm1",
    "episode_name": null,
    "episode_show_name": null,
    "spotify_episode_uri": null,
    "audiobook_title": null,
    "audiobook_uri": null,
    "audiobook_chapter_uri": null,
    "audiobook_chapter_title": null,
    "reason_start": "unknown",
    "reason_end": "endplay",
    "shuffle": false,
    "skipped": true,
    "offline": null,
    "offline_timestamp": null,
    "incognito_mode": false
  },
  {
    "ts": "2024-04-11T10:39:23Z",
    "platform": "android",
    "ms_played": 0,
    "conn_country": "FR",
    "ip_addr": "163.172.172.86",
    "master_metadata_track_name": "Aaja Nachle",
    "master_metadata_album_artist_name": "Salim–Sulaiman",
    "master_metadata_album_album_name": "Aaja Nachle",
    "spotify_track_uri": "spotify:track:2Bn2JQAGZzxe09jFzm1SqJ",
    "episode_name": null,
    "episode_show_name": null,
    "spotify_episode_uri": null,
    "audiobook_title": null,
    "audiobook_uri": null,
    "audiobook_chapter_uri": null,
    "audiobook_chapter_title": null,
    "reason_start": "unknown",
    "reason_end": "endplay",
    "shuffle": false,
    "skipped": true,
    "offline": null,
    "offline_timestamp": null,
    "incognito_mode": false
  },
  {
    "ts": "2024-04-11T10:39:24Z",
    "platform": "android",
    "ms_played": 0,
    "conn_country": "FR",
    "ip_addr": "163.172.172.86",
    "master_metadata_track_name": "Tere Bina (Western Version) - From \"Tezz\"",
    "master_metadata_album_artist_name": "Rahat Fateh Ali Khan",
    "master_metadata_album_album_name": "Tera Mera Saath Ho",
    "spotify_track_uri": "spotify:track:3gNL7GJFONrLbT2UX8NT7T",
    "episode_name": null,
    "episode_show_name": null,
    "spotify_episode_uri": null,
    "audiobook_title": null,
    "audiobook_uri": null,
    "audiobook_chapter_uri": null,
    "audiobook_chapter_title": null,
    "reason_start": "unknown",
    "reason_end": "endplay",
    "shuffle": false,
    "skipped": true,
    "offline": null,
    "offline_timestamp": null,
    "incognito_mode": false
  },
  {
    "ts": "2024-04-11T10:39:25Z",
    "platform": "android",
    "ms_played": 0,
    "conn_country": "FR",
    "ip_addr": "163.172.172.86",
    "master_metadata_track_name": "Chalo Chalein",
    "master_metadata_album_artist_name": "Ritviz",
    "master_metadata_album_album_name": "Dev",
    "spotify_track_uri": "spotify:track:3uB2mkp8ovjiuJA734dbGe",
    "episode_name": null,
    "episode_show_name": null,
    "spotify_episode_uri": null,
    "audiobook_title": null,
    "audiobook_uri": null,
    "audiobook_chapter_uri": null,
    "audiobook_chapter_title": null,
    "reason_start": "unknown",
    "reason_end": "endplay",
    "shuffle": false,
    "skipped": true,
    "offline": null,
    "offline_timestamp": null,
    "incognito_mode": false
  },
  {
    "ts": "2024-04-11T10:39:31Z",
    "platform": "android",
    "ms_played": 1495,
    "conn_country": "FR",
    "ip_addr": "163.172.172.86",
    "master_metadata_track_name": "O Re Saavan",
    "master_metadata_album_artist_name": "Mitraz",
    "master_metadata_album_album_name": "O Re Saavan",
    "spotify_track_uri": "spotify:track:5EXcMk9ZlC5UlDU4jSZsm1",
    "episode_name": null,
    "episode_show_name": null,
    "spotify_episode_uri": null,
    "audiobook_title": null,
    "audiobook_uri": null,
    "audiobook_chapter_uri": null,
    "audiobook_chapter_title": null,
    "reason_start": "unknown",
    "reason_end": "endplay",
    "shuffle": false,
    "skipped": true,
    "offline": null,
    "offline_timestamp": null,
    "incognito_mode": false
  },
  {
    "ts": "2024-04-11T19:47:36Z",
    "platform": "android",
    "ms_played": 2395,
    "conn_country": "PK",
    "ip_addr": "154.192.2.101",
    "master_metadata_track_name": "Make It Happen",
    "master_metadata_album_artist_name": "Odiseas",
    "master_metadata_album_album_name": "Make It Happen",
    "spotify_track_uri": "spotify:track:6QZ7LPSr6iI7cDmvddg1EI",
    "episode_name": null,
    "episode_show_name": null,
    "spotify_episode_uri": null,
    "audiobook_title": null,
    "audiobook_uri": null,
    "audiobook_chapter_uri": null,
    "audiobook_chapter_title": null,
    "reason_start": "unknown",
    "reason_end": "endplay",
    "shuffle": false,
    "skipped": true,
    "offline": null,
    "offline_timestamp": null,
    "incognito_mode": false
  },
  {
    "ts": "2024-06-05T18:42:59Z",
    "platform": "android",
    "ms_played": 5963,
    "conn_country": "FR",
    "ip_addr": "54.36.114.169",
    "master_metadata_track_name": "SLAY!",
    "master_metadata_album_artist_name": "Eternxlkz",
    "master_metadata_album_album_name": "SLAY!",
    "spotify_track_uri": "spotify:track:67smGwuPEtA6GAfeweAVNO",
    "episode_name": null,
    "episode_show_name": null,
    "spotify_episode_uri": null,
    "audiobook_title": null,
    "audiobook_uri": null,
    "audiobook_chapter_uri": null,
    "audiobook_chapter_title": null,
    "reason_start": "unknown",
    "reason_end": "endplay",
    "shuffle": false,
    "skipped": true,
    "offline": null,
    "offline_timestamp": null,
    "incognito_mode": false
  },
  {
    "ts": "2024-06-05T18:43:01Z",
    "platform": "android",
    "ms_played": 1817,
    "conn_country": "FR",
    "ip_addr": "54.36.114.169",
    "master_metadata_track_name": "BRODYAGA FUNK",
    "master_metadata_album_artist_name": "Eternxlkz",
    "master_metadata_album_album_name": "BRODYAGA FUNK",
    "spotify_track_uri": "spotify:track:2V3hsJU3bTOATih0Fm4aDp",
    "episode_name": null,
    "episode_show_name": null,
    "spotify_episode_uri": null,
    "audiobook_title": null,
    "audiobook_uri": null,
    "audiobook_chapter_uri": null,
    "audiobook_chapter_title": null,
    "reason_start": "unknown",
    "reason_end": "endplay",
    "shuffle": false,
    "skipped": true,
    "offline": null,
    "offline_timestamp": null,
    "incognito_mode": false
  },
  {
    "ts": "2024-06-05T18:43:05Z",
    "platform": "android",
    "ms_played": 3441,
    "conn_country": "FR",
    "ip_addr": "54.36.114.169",
    "master_metadata_track_name": "ENOUGH!",
    "master_metadata_album_artist_name": "Eternxlkz",
    "master_metadata_album_album_name": "ENOUGH!",
    "spotify_track_uri": "spotify:track:3bVJS1FUUkx3RmmmOVoeK2",
    "episode_name": null,
    "episode_show_name": null,
    "spotify_episode_uri": null,
    "audiobook_title": null,
    "audiobook_uri": null,
    "audiobook_chapter_uri": null,
    "audiobook_chapter_title": null,
    "reason_start": "unknown",
    "reason_end": "endplay",
    "shuffle": false,
    "skipped": true,
    "offline": null,
    "offline_timestamp": null,
    "incognito_mode": false
  },
  {
    "ts": "2024-06-05T18:43:07Z",
    "platform": "android",
    "ms_played": 1978,
    "conn_country": "FR",
    "ip_addr": "54.36.114.169",
    "master_metadata_track_name": "DRESS!",
    "master_metadata_album_artist_name": "Eternxlkz",
    "master_metadata_album_album_name": "DRESS!",
    "spotify_track_uri": "spotify:track:2q7LaJ39WSzo6CyKeT3ErE",
    "episode_name": null,
    "episode_show_name": null,
    "spotify_episode_uri": null,
    "audiobook_title": null,
    "audiobook_uri": null,
    "audiobook_chapter_uri": null,
    "audiobook_chapter_title": null,
    "reason_start": "unknown",
    "reason_end": "endplay",
    "shuffle": false,
    "skipped": true,
    "offline": null,
    "offline_timestamp": null,
    "incognito_mode": false
  },
  {
    "ts": "2024-06-05T18:43:09Z",
    "platform": "android",
    "ms_played": 1839,
    "conn_country": "FR",
    "ip_addr": "54.36.114.169",
    "master_metadata_track_name": "JUJALARIM FUNK",
    "master_metadata_album_artist_name": "Eternxlkz",
    "master_metadata_album_album_name": "JUJALARIM FUNK",
    "spotify_track_uri": "spotify:track:7A9G0xZfgNVM17TvBysVzl",
    "episode_name": null,
    "episode_show_name": null,
    "spotify_episode_uri": null,
    "audiobook_title": null,
    "audiobook_uri": null,
    "audiobook_chapter_uri": null,
    "audiobook_chapter_title": null,
    "reason_start": "unknown",
    "reason_end": "endplay",
    "shuffle": false,
    "skipped": true,
    "offline": null,
    "offline_timestamp": null,
    "incognito_mode": false
  },
  {
    "ts": "2024-06-05T18:43:10Z",
    "platform": "android",
    "ms_played": 960,
    "conn_country": "FR",
    "ip_addr": "54.36.114.169",
    "master_metadata_track_name": "FORCE!",
    "master_metadata_album_artist_name": "Eternxlkz",
    "master_metadata_album_album_name": "FORCE!",
    "spotify_track_uri": "spotify:track:4YWbwRSRQFbqRhxqf4XWYO",
    "episode_name": null,
    "episode_show_name": null,
    "spotify_episode_uri": null,
    "audiobook_title": null,
    "audiobook_uri": null,
    "audiobook_chapter_uri": null,
    "audiobook_chapter_title": null,
    "reason_start": "unknown",
    "reason_end": "endplay",
    "shuffle": false,
    "skipped": true,
    "offline": null,
    "offline_timestamp": null,
    "incognito_mode": false
  },
  {
    "ts": "2024-06-05T18:43:11Z",
    "platform": "android",
    "ms_played": 1207,
    "conn_country": "FR",
    "ip_addr": "54.36.114.169",
    "master_metadata_track_name": "BULGARIAN ETERNAL FUNK",
    "master_metadata_album_artist_name": "Eternxlkz",
    "master_metadata_album_album_name": "BULGARIAN ETERNAL FUNK",
    "spotify_track_uri": "spotify:track:5hf4IFuhlwbaMPStBGFkh3",
    "episode_name": null,
    "episode_show_name": null,
    "spotify_episode_uri": null,
    "audiobook_title": null,
    "audiobook_uri": null,
    "audiobook_chapter_uri": null,
    "audiobook_chapter_title": null,
    "reason_start": "unknown",
    "reason_end": "endplay",
    "shuffle": false,
    "skipped": true,
    "offline": null,
    "offline_timestamp": null,
    "incognito_mode": false
  },
  {
    "ts": "2024-06-05T18:43:13Z",
    "platform": "android",
    "ms_played": 1173,
    "conn_country": "FR",
    "ip_addr": "54.36.114.169",
    "master_metadata_track_name": "SLAY ROCK!",
    "master_metadata_album_artist_name": "Eternxlkz",
    "master_metadata_album_album_name": "SLAY ROCK!",
    "spotify_track_uri": "spotify:track:2btUFRfz8sm58xKN9YgpNK",
    "episode_name": null,
    "episode_show_name": null,
    "spotify_episode_uri": null,
    "audiobook_title": null,
    "audiobook_uri": null,
    "audiobook_chapter_uri": null,
    "audiobook_chapter_title": null,
    "reason_start": "unknown",
    "reason_end": "endplay",
    "shuffle": false,
    "skipped": true,
    "offline": null,
    "offline_timestamp": null,
    "incognito_mode": false
  },
  {
    "ts": "2024-06-05T18:43:14Z",
    "platform": "android",
    "ms_played": 1140,
    "conn_country": "FR",
    "ip_addr": "54.36.114.169",
    "master_metadata_track_name": "krushed ENOUGH!",
    "master_metadata_album_artist_name": "Eternxlkz",
    "master_metadata_album_album_name": "krushed ENOUGH!",
    "spotify_track_uri": "spotify:track:7BYBQ7DACRjpJ16ePRThVS",
    "episode_name": null,
    "episode_show_name": null,
    "spotify_episode_uri": null,
    "audiobook_title": null,
    "audiobook_uri": null,
    "audiobook_chapter_uri": null,
    "audiobook_chapter_title": null,
    "reason_start": "unknown",
    "reason_end": "endplay",
    "shuffle": false,
    "skipped": true,
    "offline": null,
    "offline_timestamp": null,
    "incognito_mode": false
  },
  {
    "ts": "2024-06-05T18:43:16Z",
    "platform": "android",
    "ms_played": 1666,
    "conn_country": "FR",
    "ip_addr": "54.36.114.169",
    "master_metadata_track_name": "BRODYAGA FUNK EKI",
    "master_metadata_album_artist_name": "NUEKI",
    "master_metadata_album_album_name": "BRODYAGA FUNK EKI",
    "spotify_track_uri": "spotify:track:6hjoCusKytXYP3WrQmciox",
    "episode_name": null,
    "episode_show_name": null,
    "spotify_episode_uri": null,
    "audiobook_title": null,
    "audiobook_uri": null,
    "audiobook_chapter_uri": null,
    "audiobook_chapter_title": null,
    "reason_start": "unknown",
    "reason_end": "endplay",
    "shuffle": false,
    "skipped": true,
    "offline": null,
    "offline_timestamp": null,
    "incognito_mode": false
  },
  {
    "ts": "2024-06-05T18:43:17Z",
    "platform": "android",
    "ms_played": 1010,
    "conn_country": "FR",
    "ip_addr": "54.36.114.169",
    "master_metadata_track_name": "BlackAngel",
    "master_metadata_album_artist_name": "Eternxlkz",
    "master_metadata_album_album_name": "BlackAngel",
    "spotify_track_uri": "spotify:track:6Gl8prSMXjEJmKhl4n4G4L",
    "episode_name": null,
    "episode_show_name": null,
    "spotify_episode_uri": null,
    "audiobook_title": null,
    "audiobook_uri": null,
    "audiobook_chapter_uri": null,
    "audiobook_chapter_title": null,
    "reason_start": "unknown",
    "reason_end": "endplay",
    "shuffle": false,
    "skipped": true,
    "offline": null,
    "offline_timestamp": null,
    "incognito_mode": false
  },
  {
    "ts": "2024-06-05T18:43:18Z",
    "platform": "android",
    "ms_played": 716,
    "conn_country": "FR",
    "ip_addr": "54.36.114.169",
    "master_metadata_track_name": "TOKYO DRIFT FUNK",
    "master_metadata_album_artist_name": "Eternxlkz",
    "master_metadata_album_album_name": "TOKYO DRIFT FUNK",
    "spotify_track_uri": "spotify:track:4hGP6oXvCp5kkQY37EvrMu",
    "episode_name": null,
    "episode_show_name": null,
    "spotify_episode_uri": null,
    "audiobook_title": null,
    "audiobook_uri": null,
    "audiobook_chapter_uri": null,
    "audiobook_chapter_title": null,
    "reason_start": "unknown",
    "reason_end": "endplay",
    "shuffle": false,
    "skipped": true,
    "offline": null,
    "offline_timestamp": null,
    "incognito_mode": false
  },
  {
    "ts": "2024-06-05T18:43:19Z",
    "platform": "android",
    "ms_played": 746,
    "conn_country": "FR",
    "ip_addr": "54.36.114.169",
    "master_metadata_track_name": "Fascination",
    "master_metadata_album_artist_name": "Eternxlkz",
    "master_metadata_album_album_name": "Fascination",
    "spotify_track_uri": "spotify:track:5hmgg3ObI2rRhhBtyYshtE",
    "episode_name": null,
    "episode_show_name": null,
    "spotify_episode_uri": null,
    "audiobook_title": null,
    "audiobook_uri": null,
    "audiobook_chapter_uri": null,
    "audiobook_chapter_title": null,
    "reason_start": "unknown",
    "reason_end": "endplay",
    "shuffle": false,
    "skipped": true,
    "offline": null,
    "offline_timestamp": null,
    "incognito_mode": false
  },
  {
    "ts": "2024-06-05T18:43:20Z",
    "platform": "android",
    "ms_played": 813,
    "conn_country": "FR",
    "ip_addr": "54.36.114.169",
    "master_metadata_track_name": "FINAL ROUND",
    "master_metadata_album_artist_name": "Eternxlkz",
    "master_metadata_album_album_name": "FINAL ROUND",
    "spotify_track_uri": "spotify:track:6dcX9CjPOwr93RdNRI06va",
    "episode_name": null,
    "episode_show_name": null,
    "spotify_episode_uri": null,
    "audiobook_title": null,
    "audiobook_uri": null,
    "audiobook_chapter_uri": null,
    "audiobook_chapter_title": null,
    "reason_start": "unknown",
    "reason_end": "endplay",
    "shuffle": false,
    "skipped": true,
    "offline": null,
    "offline_timestamp": null,
    "incognito_mode": false
  },
  {
    "ts": "2024-06-05T18:43:22Z",
    "platform": "android",
    "ms_played": 1262,
    "conn_country": "FR",
    "ip_addr": "54.36.114.169",
    "master_metadata_track_name": "Brazilian Raiva Funk",
    "master_metadata_album_artist_name": "Eternxlkz",
    "master_metadata_album_album_name": "Brazilian Raiva Funk",
    "spotify_track_uri": "spotify:track:6sRbL8ZLq4JLbAULgiU79G",
    "episode_name": null,
    "episode_show_name": null,
    "spotify_episode_uri": null,
    "audiobook_title": null,
    "audiobook_uri": null,
    "audiobook_chapter_uri": null,
    "audiobook_chapter_title": null,
    "reason_start": "unknown",
    "reason_end": "endplay",
    "shuffle": false,
    "skipped": true,
    "offline": null,
    "offline_timestamp": null,
    "incognito_mode": false
  },
  {
    "ts": "2024-06-05T18:43:22Z",
    "platform": "android",
    "ms_played": 708,
    "conn_country": "FR",
    "ip_addr": "54.36.114.169",
    "master_metadata_track_name": "Overload",
    "master_metadata_album_artist_name": "Eternxlkz",
    "master_metadata_album_album_name": "Overload",
    "spotify_track_uri": "spotify:track:30W4LmO5PgoBnLwCJx6GkB",
    "episode_name": null,
    "episode_show_name": null,
    "spotify_episode_uri": null,
    "audiobook_title": null,
    "audiobook_uri": null,
    "audiobook_chapter_uri": null,
    "audiobook_chapter_title": null,
    "reason_start": "unknown",
    "reason_end": "endplay",
    "shuffle": false,
    "skipped": true,
    "offline": null,
    "offline_timestamp": null,
    "incognito_mode": false
  },
  {
    "ts": "2024-06-05T18:43:24Z",
    "platform": "android",
    "ms_played": 902,
    "conn_country": "FR",
    "ip_addr": "54.36.114.169",
    "master_metadata_track_name": "Estimated",
    "master_metadata_album_artist_name": "Eternxlkz",
    "master_metadata_album_album_name": "Estimated",
    "spotify_track_uri": "spotify:track:30g2L0dpavVIxooHcXQNb1",
    "episode_name": null,
    "episode_show_name": null,
    "spotify_episode_uri": null,
    "audiobook_title": null,
    "audiobook_uri": null,
    "audiobook_chapter_uri": null,
    "audiobook_chapter_title": null,
    "reason_start": "unknown",
    "reason_end": "endplay",
    "shuffle": false,
    "skipped": true,
    "offline": null,
    "offline_timestamp": null,
    "incognito_mode": false
  }
]